region,region_rto_rate,courier_flag_rate
RegionA,0.4913152356148401,0.2513239786692855
RegionB,0.2254462434684036,0.32503929084442607
RegionC,0.29566876647817303,0.3338232812354274
RegionD,0.34879062079767886,0.13315187404044834
